"Datum","PM10","Ca","Cl","K","Mg","Na","NH4","NO3","kraj"
"1/17/2014",22,0.186,0.297,0.577,0.0374,0.145,0.639,1.98,"Kranj"
"1/18/2014",32,0.132,0.528,0.735,0.0235,0.109,0.877,2.71,"Kranj"
"1/19/2014",30,0.145,0.381,0.577,0.0363,0.159,1.08,2.72,"Kranj"
"1/20/2014",16,0.127,0.17,0.383,0.0428,0.0608,0.628,2.01,"Kranj"
"1/21/2014",24,0.202,0.16,0.418,0.0365,0.0346,1.22,3.62,"Kranj"
"1/22/2014",32,0.61,0.231,0.615,0.0734,0.0468,1.14,3.83,"Kranj"
"1/23/2014",31,0.226,0.245,0.632,0.0507,0.0627,1.84,4.95,"Kranj"
"1/24/2014",18,0.097,0.227,0.389,0.021,0.056,0.653,1.19,"Kranj"
"1/25/2014",29,0.126,0.153,0.575,0.0232,0.0685,2.85,6.21,"Kranj"
"1/26/2014",35,0.0826,0.148,0.424,0.019,0.101,3.41,6.83,"Kranj"
"1/27/2014",52,0.289,0.275,0.76,0.0472,0.119,5.37,13.1,"Kranj"
"1/28/2014",64,0.113,0.0114,0.947,0.0236,0.107,5.81,17.2,"Kranj"
"1/29/2014",62,0.169,0.222,1.09,0.0225,0.149,5.97,10.1,"Kranj"
"1/30/2014",69,0.123,0.291,1.14,0.0219,0.116,6.65,9.85,"Kranj"
"1/31/2014",65,0.126,0.349,1.13,0.0252,0.128,5.66,6.45,"Kranj"
"2/1/2014",50,0.0996,0.384,0.853,0.0248,0.122,4.55,5.61,"Kranj"
"2/2/2014",26,0.051,0.231,0.474,0.014,0.0429,1.97,1.94,"Kranj"
"2/3/2014",31,0.0734,0.124,0.397,0.0199,0.075,3.08,2.74,"Kranj"
"2/4/2014",41,0.0856,0.0945,0.593,0.0228,0.0968,4.37,3.27,"Kranj"
"2/5/2014",48,0.0789,0.0816,0.737,0.0163,0.169,4.18,3.48,"Kranj"
"2/6/2014",50,0.12,0.287,0.799,0.00139,0.0662,3.57,2.34,"Kranj"
"2/7/2014",36,0.168,0.435,0.937,0.039,0.227,1.5,2.94,"Kranj"
"2/8/2014",37,0.0785,0.282,0.758,0.0179,0.084,1.3,1.68,"Kranj"
"2/9/2014",25,0.0697,0.305,0.565,0.0186,0.0896,0.735,1.67,"Kranj"
"2/10/2014",41,0.119,0.516,0.726,0.0207,0.112,2.59,4.1,"Kranj"
"2/11/2014",32,0.102,0.762,0.674,0.0215,0.078,1.09,2.39,"Kranj"
"2/12/2014",27,0.177,0.365,0.55,0.0243,0.0707,1.09,3.12,"Kranj"
"2/13/2014",24,0.179,0.264,0.534,0.0494,0.111,1.04,2.87,"Kranj"
"2/14/2014",16,0.126,0.119,0.323,0.0338,0.0582,0.6,1.65,"Kranj"
"2/15/2014",18,0.148,0.24,0.302,0.0727,0.285,0.596,2.09,"Kranj"
"2/16/2014",21,0.285,0.68,0.641,0.106,0.675,0.856,2.21,"Kranj"
"2/17/2014",26,0.109,0.384,0.592,0.0215,0.116,1.02,2.51,"Kranj"
"2/18/2014",28,0.0755,0.241,0.519,0.0198,0.0774,1.46,3.99,"Kranj"
"2/19/2014",37,0.228,0.66,0.844,0.0438,0.274,1.45,3.72,"Kranj"
"2/20/2014",13,0.117,0.187,0.308,0.0319,0.0601,0.612,1.9,"Kranj"
"2/21/2014",26,0.315,0.224,0.463,0.055,0.122,0.816,2.86,"Kranj"
"2/22/2014",30,0.119,0.273,0.644,0.0292,0.0767,1.92,4.21,"Kranj"
"2/23/2014",24,0.112,0.264,0.425,0.0286,0.0566,0.69,1.6,"Kranj"
"2/24/2014",28,0.377,0.157,0.413,0.106,0.143,0.841,2.02,"Kranj"
"2/25/2014",36,0.493,0.187,0.669,0.108,0.106,1.72,3.59,"Kranj"
"2/26/2014",33,0.566,0.239,0.739,0.128,0.15,1.67,5.22,"Kranj"
"2/27/2014",22,0.34,0.279,0.529,0.0899,0.262,0.711,1.75,"Kranj"
"2/28/2014",24,0.242,0.279,0.651,0.0729,0.184,1.03,3.26,"Kranj"
"3/1/2014",15,0.1,0.24,0.29,0.0445,0.154,1.12,2.9,"Kranj"
"3/2/2014",25,0.118,0.173,0.454,0.036,0.0888,1.69,1.77,"Kranj"
"3/3/2014",27,0.259,0.108,0.53,0.0669,0.0631,2.91,2.66,"Kranj"
"3/4/2014",23,0.236,0.167,0.491,0.0573,0.0622,1.71,1.94,"Kranj"
"3/5/2014",22,0.325,0.0847,0.735,0.0525,0.0599,1.4,1.02,"Kranj"
"3/6/2014",18,0.399,0.0711,0.304,0.0582,0.0357,1.47,0.952,"Kranj"
"3/7/2014",40,0.499,0.128,0.827,0.109,0.0999,3.81,6.34,"Kranj"
"3/8/2014",46,0.634,0.171,1.09,0.121,0.104,4.88,8.31,"Kranj"
"3/9/2014",38,0.306,0.143,0.791,0.0776,0.0837,3.03,4.92,"Kranj"
"3/10/2014",37,0.501,0.123,0.629,0.101,0.0813,2.95,3.94,"Kranj"
"3/11/2014",36,0.84,0.232,0.756,0.145,0.0886,2.03,3.83,"Kranj"
"3/12/2014",38,1.13,0.206,0.548,0.115,0.0844,1.05,2.97,"Kranj"
"3/13/2014",48,0.941,0.15,0.46,0.162,0.0961,2.33,6.8,"Kranj"
"3/14/2014",48,1.38,0.111,0.593,0.197,0.0984,1.78,5.47,"Kranj"
"3/15/2014",67,1.09,0.516,0.872,0.161,0.0958,6.55,19.6,"Kranj"
"3/16/2014",57,0.857,0.133,0.761,0.156,0.0855,6.27,17.5,"Kranj"
"3/17/2014",33,0.829,0.0794,0.435,0.116,0.0699,1.25,3.5,"Kranj"
"3/18/2014",46,1.42,0.129,0.612,0.188,0.106,4.16,13.6,"Kranj"
"3/19/2014",30,0.668,0.0753,0.331,0.125,0.0625,1.89,4.79,"Kranj"
"3/20/2014",27,0.831,0.101,0.278,0.0946,0.0768,0.433,4.39,"Kranj"
"3/21/2014",31,0.96,0.104,0.488,0.149,0.148,1.48,4.4,"Kranj"
"3/22/2014",30,0.466,0.21,0.429,0.105,0.171,2.7,5.07,"Kranj"
"3/23/2014",16,0.0885,0.199,0.306,0.031,0.118,1.17,1.62,"Kranj"
"3/24/2014",15,0.14,0.197,0.364,0.0451,0.0888,0.912,1.6,"Kranj"
"3/25/2014",19,0.299,0.169,0.346,0.102,0.0504,0.757,2.33,"Kranj"
"3/26/2014",23,0.275,0.2,0.321,0.0679,0.0379,1.53,4.01,"Kranj"
"3/27/2014",23,0.417,0.101,0.282,0.103,0.058,1.93,3.44,"Kranj"
"3/28/2014",20,0.479,0.0628,0.26,0.0865,0.0431,1.36,0.929,"Kranj"
"3/29/2014",20,0.465,0.124,0.223,0.0958,0.0487,1.06,0.812,"Kranj"
"3/30/2014",25,0.693,0.0708,0.371,0.0992,0.0702,0.959,1,"Kranj"
"3/31/2014",37,1.3,0.0754,0.296,0.139,0.0698,1.21,3.3,"Kranj"
"4/1/2014",38,1.35,0.0721,0.423,0.186,0.0747,1.85,5.15,"Kranj"
"4/2/2014",37,1.29,0.0727,0.365,0.182,0.194,1.44,4.58,"Kranj"
"4/3/2014",41,1.49,0.214,0.426,0.215,0.314,1.82,5.94,"Kranj"
"4/4/2014",36,1.28,0.158,0.278,0.13,0.217,0.826,2.32,"Kranj"
"4/5/2014",23,0.556,0.0979,0.21,0.0726,0.107,0.815,1.83,"Kranj"
"4/6/2014",22,0.535,0.0633,0.269,0.0785,0.0751,1.21,1.87,"Kranj"
"4/7/2014",24,0.757,0.0724,0.209,0.121,0.0557,0.982,1.61,"Kranj"
"4/8/2014",22,0.801,0.0663,0.217,0.115,0.0661,0.897,1.91,"Kranj"
"4/9/2014",5.9,0.163,0.0526,0.0703,0.036,0.0677,0.247,0.442,"Kranj"
"4/10/2014",11,0.307,0.0575,0.0975,0.0593,0.143,0.257,1.02,"Kranj"
"4/11/2014",14,0.34,0.0532,0.123,0.0624,0.0375,0.67,2.41,"Kranj"
"4/12/2014",16,0.266,0.063,0.152,0.0539,0.0447,0.594,1.59,"Kranj"
"4/13/2014",13,0.14,0.0532,0.207,0.0392,0.0299,0.496,0.792,"Kranj"
"4/14/2014",14,0.27,0.0547,0.139,0.0533,0.0544,0.708,1.43,"Kranj"
"4/15/2014",3.5,0.154,0.0795,0.0509,0.0332,0.034,0.16,0.329,"Kranj"
"4/16/2014",6.4,0.216,0.0474,0.0629,0.0365,0.0583,0.169,0.361,"Kranj"
"4/17/2014",11,0.336,0.044,0.14,0.0534,0.061,0.434,0.634,"Kranj"
"4/18/2014",15,0.445,0.0438,0.147,0.0607,0.0527,0.474,0.699,"Kranj"
"4/19/2014",14,0.257,0.0114,0.132,0.0579,0.0647,0.765,0.592,"Kranj"
"4/20/2014",7.7,0.0572,0.0525,0.169,0.0144,0.0248,0.457,0.646,"Kranj"
"4/21/2014",7.7,0.0239,0.0685,0.0892,0.019,0.0559,0.424,0.679,"Kranj"
"4/22/2014",10,0.173,0.0516,0.112,0.0473,0.124,0.284,0.486,"Kranj"
"4/23/2014",9.2,0.365,0.0505,0.161,0.0536,0.0697,0.314,0.461,"Kranj"
"4/24/2014",13,0.412,0.043,0.182,0.0663,0.0288,0.565,0.396,"Kranj"
"4/25/2014",14,0.379,0.0435,0.176,0.0662,0.0398,0.549,0.367,"Kranj"
"4/26/2014",15,0.339,0.0462,0.21,0.0677,0.035,1.34,0.771,"Kranj"
"4/27/2014",16,0.167,0.0527,0.178,0.0315,0.0372,1.91,0.731,"Kranj"
"4/28/2014",15,0.183,0.0645,0.157,0.0376,0.0456,0.879,0.0487,"Kranj"
"4/29/2014",16,0.291,0.0473,0.173,0.0554,0.044,1,0.444,"Kranj"
"4/30/2014",18,0.205,0.0849,0.222,0.0479,0.0334,1.11,0.674,"Kranj"
"5/1/2014",20,0.136,0.0554,0.297,0.0311,0.0413,1.06,0.483,"Kranj"
"5/2/2014",12,0.0939,0.0419,0.138,0.0239,0.0277,0.831,0.349,"Kranj"
"5/3/2014",10,0.0795,0.0114,0.119,0.022,0.0126,0.773,0.27,"Kranj"
"5/4/2014",6.9,0.0995,0.0425,0.0593,0.0276,0.0123,0.435,0.19,"Kranj"
"5/5/2014",16,0.405,0.0114,0.164,0.065,0.0607,0.918,0.542,"Kranj"
"5/6/2014",19,0.403,0.0435,0.133,0.09,0.0705,0.849,1.13,"Kranj"
"5/7/2014",17,0.465,0.0441,0.108,0.0989,0.0842,0.871,1.11,"Kranj"
"5/8/2014",8.9,0.161,0.0114,0.0675,0.0352,0.0271,0.257,0.317,"Kranj"
"5/9/2014",14,0.381,0.0403,0.0777,0.0719,0.0471,0.428,0.656,"Kranj"
"5/10/2014",14,0.355,0.0414,0.1,0.07,0.0513,0.41,0.404,"Kranj"
"5/11/2014",13,0.236,0.0425,0.0991,0.0604,0.124,0.668,0.807,"Kranj"
"5/12/2014",6.6,0.105,0.0505,0.0467,0.0267,0.0224,0.134,0.351,"Kranj"
"5/13/2014",7.3,0.087,0.0489,0.0529,0.021,0.00876,0.176,0.566,"Kranj"
"5/14/2014",9.6,0.125,0.0876,0.0967,0.0285,0.0456,0.547,0.277,"Kranj"
"5/15/2014",7.7,0.102,0.0114,0.0261,0.0261,0.0538,0.179,0.168,"Kranj"
"5/16/2014",5,0.0695,0.0114,0.0238,0.0171,0.0109,0.085,0.0979,"Kranj"
"5/17/2014",7.6,0.152,0.0114,0.0794,0.0273,0.0187,0.195,0.0989,"Ljubljana"
"5/18/2014",12,0.102,0.0731,0.107,0.0334,0.107,0.546,0.662,"Ljubljana"
"5/19/2014",13,0.212,0.0597,0.095,0.0496,0.211,0.627,0.78,"Ljubljana"
"5/20/2014",16,0.374,0.043,0.0879,0.0766,0.187,0.684,0.967,"Ljubljana"
"5/21/2014",18,0.484,0.0462,0.128,0.0769,0.177,1.07,1.31,"Ljubljana"
"5/22/2014",21,0.746,0.0441,0.177,0.102,0.18,1.02,1.25,"Ljubljana"
"5/23/2014",32,1.1,0.131,0.0979,0.0973,0.172,0.434,1.5,"Ljubljana"
"5/24/2014",26,0.775,0.0865,0.153,0.185,0.339,0.633,2.09,"Ljubljana"
"5/25/2014",19,0.34,0.0435,0.105,0.0608,0.11,0.711,0.651,"Ljubljana"
"5/26/2014",14,0.225,0.0521,0.0844,0.0491,0.0432,0.335,0.371,"Ljubljana"
"5/27/2014",12,0.178,0.0548,0.0734,0.0336,0.0506,0.377,0.555,"Ljubljana"
"5/28/2014",7.4,0.116,0.0441,0.039,0.0233,0.0192,0.176,0.385,"Ljubljana"
"5/29/2014",9,0.0994,0.0451,0.0509,0.0284,0.0124,0.197,0.377,"Ljubljana"
"5/30/2014",11,0.14,0.0419,0.083,0.0283,0.0135,0.543,0.959,"Ljubljana"
"5/31/2014",9.4,0.125,0.0769,0.0678,0.0255,0.0201,0.355,0.25,"Ljubljana"
"6/1/2014",11,0.0934,0.0516,0.0815,0.0229,0.0295,0.625,0.302,"Ljubljana"
"6/2/2014",14,0.231,0.043,0.0893,0.0499,0.0422,0.635,0.387,"Ljubljana"
"6/3/2014",11,0.244,0.0114,0.0733,0.0664,0.0457,0.524,0.266,"Ljubljana"
"6/4/2014",11,0.263,0.0389,0.0832,0.0574,0.0428,0.538,0.266,"Ljubljana"
"6/5/2014",11,0.221,0.0414,0.109,0.0489,0.0594,0.66,0.286,"Ljubljana"
"6/6/2014",13,0.289,0.0406,0.0883,0.071,0.0681,0.571,0.355,"Ljubljana"
"6/7/2014",14,0.316,0.0374,0.105,0.0749,0.0503,0.492,0.248,"Ljubljana"
"6/8/2014",15,0.257,0.0394,0.0842,0.0672,0.032,0.425,0.216,"Ljubljana"
"6/9/2014",18,0.391,0.0388,0.0846,0.0931,0.027,0.421,0.202,"Ljubljana"
"6/10/2014",20,0.467,0.0383,0.098,0.103,0.0327,0.539,0.235,"Ljubljana"
"6/11/2014",20,0.581,0.0392,0.076,0.103,0.0437,0.415,0.294,"Ljubljana"
"6/12/2014",18,0.596,0.0415,0.0699,0.0794,0.0369,0.135,0.352,"Ljubljana"
"6/13/2014",13,0.188,0.0395,0.0705,0.0551,0.0215,0.387,0.226,"Ljubljana"
"6/14/2014",13,0.107,0.0423,0.0759,0.0321,0.0836,0.687,0.505,"Ljubljana"
"6/15/2014",11,0.0865,0.0488,0.11,0.0333,0.101,0.722,0.275,"Ljubljana"
"6/16/2014",13,0.162,0.0393,0.0667,0.0429,0.0376,0.482,0.328,"Ljubljana"
"6/17/2014",16,0.332,0.0376,0.0939,0.0701,0.0496,0.637,0.342,"Ljubljana"
"6/18/2014",20,0.722,0.0114,0.145,0.15,0.0649,1.22,0.495,"Ljubljana"
"6/19/2014",18,0.553,0.0417,0.129,0.129,0.0663,1.07,0.399,"Ljubljana"
"6/20/2014",15,0.446,0.0388,0.0573,0.0807,0.0396,0.468,0.374,"Ljubljana"
"6/21/2014",9.2,0.208,0.0409,0.0783,0.0581,0.048,0.42,0.308,"Ljubljana"
"6/22/2014",12,0.146,0.0418,0.06,0.0458,0.0851,0.653,0.463,"Ljubljana"
"6/23/2014",16,0.413,0.0443,0.102,0.1,0.146,0.967,0.511,"Ljubljana"
"6/24/2014",9,0.139,0.0397,0.044,0.0371,0.0536,0.415,0.367,"Ljubljana"
"6/25/2014",6.7,0.082,0.0399,0.026,0.018,0.014,0.298,0.205,"Ljubljana"
"6/26/2014",7.7,0.121,0.0114,0.0507,0.0315,0.0157,0.264,0.163,"Ljubljana"
"6/27/2014",12,0.199,0.0114,0.0837,0.048,0.0216,0.461,0.273,"Ljubljana"
"6/28/2014",12,0.177,0.0114,0.0791,0.0486,0.0519,0.809,0.262,"Ljubljana"
"6/29/2014",12,0.133,0.0114,0.0767,0.0393,0.149,0.818,0.331,"Ljubljana"
"6/30/2014",5.5,0.129,0.0378,0.0462,0.0202,0.0102,0.0784,0.178,"Ljubljana"
"7/1/2014",7.1,0.203,0.0382,0.0464,0.036,0.0153,0.088,0.185,"Ljubljana"
"7/2/2014",7.9,0.235,0.0377,0.0658,0.0405,0.0486,0.15,0.22,"Ljubljana"
"7/3/2014",10,0.253,0.0114,0.0667,0.0528,0.0256,0.231,0.235,"Ljubljana"
"7/4/2014",15,0.489,0.0114,0.0799,0.081,0.0364,0.375,0.239,"Ljubljana"
"7/5/2014",17,0.846,0.0405,0.0666,0.069,0.0765,0.153,0.392,"Ljubljana"
"7/6/2014",13,0.286,0.0114,0.0698,0.0596,0.0535,0.37,0.249,"Ljubljana"
"7/7/2014",18,0.801,0.0412,0.0912,0.133,0.155,0.453,0.565,"Ljubljana"
"7/8/2014",11,0.213,0.0384,0.0911,0.0409,0.102,0.631,0.189,"Ljubljana"
"7/9/2014",3.4,0.0751,0.0449,0.0406,0.0185,0.0233,0.0716,0.112,"Ljubljana"
"7/10/2014",5.6,0.0646,0.0383,0.0362,0.0136,0.00396,0.142,0.358,"Ljubljana"
"7/11/2014",8,0.193,0.038,0.0487,0.0275,0.014,0.255,0.178,"Ljubljana"
"7/12/2014",8.6,0.162,0.0561,0.0584,0.0306,0.0188,0.22,0.227,"Ljubljana"
"7/13/2014",6.8,0.0826,0.0476,0.0547,0.0179,0.0301,0.29,0.152,"Ljubljana"
"7/14/2014",8.9,0.249,0.0396,0.057,0.0449,0.0274,0.224,0.152,"Ljubljana"
"7/15/2014",12,0.234,0.0412,0.0657,0.0403,0.0192,0.168,0.184,"Ljubljana"
"7/16/2014",11,0.357,0.0442,0.0616,0.0638,0.0221,0.353,0.18,"Ljubljana"
"7/17/2014",15,0.588,0.0364,0.076,0.0859,0.0354,0.31,0.181,"Ljubljana"
"7/18/2014",17,0.465,0.0114,0.113,0.0893,0.041,0.591,0.0777,"Ljubljana"
"7/19/2014",23,0.395,0.0404,0.1,0.0978,0.0472,1.09,0.314,"Ljubljana"
"7/20/2014",21,0.261,0.0389,0.185,0.0599,0.0487,1.28,0.25,"Ljubljana"
"7/21/2014",16,0.347,0.0114,0.129,0.0716,0.0422,0.931,0.689,"Ljubljana"
"7/22/2014",13,0.163,0.0371,0.103,0.0376,0.0279,0.752,1.02,"Ljubljana"
"7/23/2014",11,0.167,0.0114,0.0612,0.0381,0.0187,0.45,0.13,"Ljubljana"
"7/24/2014",14,0.369,0.0391,0.0802,0.0711,0.02,0.418,0.207,"Ljubljana"
"7/25/2014",15,0.384,0.0369,0.0866,0.0792,0.0253,0.479,0.195,"Ljubljana"
"7/26/2014",12,0.184,0.037,0.109,0.0387,0.0369,0.503,0.199,"Ljubljana"
"7/27/2014",12,0.0814,0.0381,0.0861,0.0209,0.018,0.69,0.131,"Ljubljana"
"7/28/2014",15,0.16,0.0369,0.1,0.0312,0.0152,1.08,0.131,"Ljubljana"
"7/29/2014",13,0.152,0.0114,0.104,0.0324,0.0249,0.729,0.152,"Ljubljana"
"7/30/2014",7.8,0.0757,0.0482,0.0686,0.0216,0.0245,0.446,0.268,"Ljubljana"
"7/31/2014",2.8,0.117,0.0114,0.059,0.0263,0.0127,0.37,0.201,"Ljubljana"
"8/1/2014",8.7,0.238,0.04,0.0602,0.0524,0.0192,0.23,0.124,"Ljubljana"
"8/2/2014",12,0.173,0.168,0.104,0.0457,0.109,0.573,0.178,"Ljubljana"
"8/3/2014",12,0.175,0.0405,0.134,0.0418,0.0612,0.969,0.184,"Ljubljana"
"8/4/2014",12,0.386,0.0363,0.0909,0.088,0.0556,0.594,0.115,"Ljubljana"
"8/5/2014",5.3,0.119,0.0114,0.0447,0.0277,0.0112,0.126,0.144,"Ljubljana"
"8/6/2014",10,0.181,0.0402,0.0672,0.0438,0.022,0.296,0.153,"Ljubljana"
"8/7/2014",11,0.324,0.0114,0.0818,0.089,0.0342,0.488,0.253,"Ljubljana"
"8/8/2014",14,0.247,0.0114,0.0828,0.0599,0.0437,0.43,0.195,"Ljubljana"
"8/9/2014",13,0.208,0.0114,0.0715,0.0482,0.0358,0.559,0.243,"Ljubljana"
"8/10/2014",12,0.125,0.0114,0.0633,0.0401,0.0515,0.777,0.194,"Ljubljana"
"8/11/2014",19,0.675,0.0114,0.105,0.163,0.161,0.748,0.357,"Ljubljana"
"8/12/2014",9.1,0.25,0.0114,0.0548,0.0631,0.0316,0.233,0.241,"Ljubljana"
"8/13/2014",13,0.2,0.0571,0.106,0.0404,0.0797,0.9,1.52,"Ljubljana"
"8/14/2014",6.6,0.0558,0.0114,0.076,0.0164,0.018,0.256,0.216,"Ljubljana"
"8/15/2014",7.2,0.0579,0.0114,0.0538,0.0198,0.0145,0.336,0.336,"Ljubljana"
"8/16/2014",7.8,0.105,0.0379,0.0589,0.023,0.0219,0.203,0.247,"Ljubljana"
"8/17/2014",7.1,0.0677,0.0464,0.049,0.0225,0.0236,0.169,0.165,"Ljubljana"
"8/18/2014",9.5,0.248,0.0405,0.0477,0.063,0.0409,0.255,0.305,"Ljubljana"
"8/19/2014",11,0.25,0.0474,0.0605,0.0669,0.0508,0.293,0.435,"Ljubljana"
"8/20/2014",12,0.166,0.043,0.125,0.05,0.109,0.555,0.546,"Ljubljana"
"8/21/2014",7.1,0.116,0.0114,0.0447,0.0338,0.0175,0.183,0.227,"Celje"
"8/22/2014",12,0.312,0.0436,0.0524,0.0834,0.086,0.247,0.497,"Celje"
"8/23/2014",10,0.229,0.0471,0.075,0.0378,0.0496,0.393,0.439,"Celje"
"8/24/2014",7.1,0.0552,0.0476,0.0525,0.0154,0.0284,0.209,0.192,"Celje"
"8/25/2014",9.5,0.268,0.0114,0.0879,0.06,0.0415,0.231,0.338,"Celje"
"8/26/2014",14,0.594,0.0114,0.0944,0.102,0.149,0.363,0.691,"Celje"
"8/27/2014",9.5,0.158,0.0114,0.0669,0.0367,0.0476,0.363,0.184,"Celje"
"8/28/2014",17,0.214,0.0114,0.0794,0.0538,0.0239,0.579,0.282,"Celje"
"8/29/2014",14,0.302,0.0377,0.0953,0.07,0.0301,0.348,0.278,"Celje"
"8/30/2014",18,0.563,0.0114,0.132,0.0973,0.0401,0.578,0.367,"Celje"
"8/31/2014",20,0.23,0.0114,0.209,0.0517,0.039,1.63,0.303,"Celje"
"9/1/2014",3.9,0.0705,0.0459,0.0161,0.0154,0.00396,0.0279,0.0748,"Celje"
"9/2/2014",8.9,0.158,0.0501,0.0252,0.0169,0.0165,0.025,0.101,"Celje"
"9/3/2014",22,0.347,0.0114,0.192,0.1,0.0741,0.48,0.613,"Celje"
"9/4/2014",28,0.309,0.0547,0.3,0.0522,0.0433,1.56,0.835,"Celje"
"9/5/2014",22,0.417,0.077,0.332,0.0804,0.0475,1.36,0.463,"Celje"
"9/6/2014",18,0.284,0.0387,0.353,0.0542,0.0479,1.25,0.616,"Celje"
"9/7/2014",19,0.229,0.0376,0.261,0.0441,0.063,1.1,0.352,"Celje"
"9/8/2014",31,1.26,0.0114,0.326,0.225,0.075,1.02,0.575,"Celje"
"9/9/2014",27,1.01,0.0506,0.226,0.166,0.0728,0.752,0.466,"Celje"
"9/10/2014",12,0.187,0.0469,0.129,0.0352,0.0291,0.843,0.876,"Celje"
"9/11/2014",11,0.114,0.0663,0.107,0.0245,0.026,0.905,1,"Celje"
"9/12/2014",16,0.26,0.0545,0.111,0.0538,0.0309,0.875,1.81,"Celje"
"9/13/2014",6.8,0.0916,0.0786,0.0741,0.0248,0.0219,0.164,0.448,"Celje"
"9/14/2014",11,0.296,0.0522,0.127,0.0401,0.0241,0.272,0.31,"Celje"
"9/15/2014",16,0.469,0.296,0.124,0.084,0.0262,0.356,0.496,"Celje"
"9/16/2014",16,0.603,0.0409,0.101,0.101,0.0239,0.31,0.394,"Celje"
"9/17/2014",20,0.638,0.0463,0.177,0.0987,0.0422,0.685,0.505,"Celje"
"9/18/2014",33,1.17,0.115,0.298,0.175,0.0508,1.84,0.652,"Celje"
"9/19/2014",27,0.905,0.0472,0.217,0.178,0.0482,2.03,0.56,"Celje"
"9/20/2014",16,0.381,0.0505,0.133,0.0767,0.0629,0.824,0.405,"Celje"
"9/21/2014",13,0.203,0.0476,0.0902,0.0412,0.0757,0.704,0.516,"Celje"
"9/22/2014",22,0.243,0.0497,0.0962,0.0446,0.0348,0.944,0.287,"Celje"
"9/23/2014",16,0.356,0.144,0.148,0.0823,0.0297,1.95,0.242,"Celje"
"9/24/2014",18,0.441,0.0689,0.181,0.106,0.135,1.94,0.81,"Celje"
"9/25/2014",17,0.492,0.0614,0.15,0.127,0.0708,1.02,0.616,"Celje"
"9/26/2014",16,0.475,0.0672,0.126,0.101,0.0319,0.461,0.589,"Celje"
"9/27/2014",14,0.304,0.0369,0.116,0.0767,0.0307,0.441,0.37,"Celje"
"9/28/2014",13,0.247,0.0381,0.114,0.0638,0.0303,0.386,0.3,"Celje"
"9/29/2014",21,0.692,0.0565,0.159,0.141,0.0379,0.526,0.914,"Celje"
"9/30/2014",24,0.935,0.06,0.179,0.153,0.0401,0.573,0.73,"Celje"
"10/1/2014",21,0.898,0.0489,0.149,0.164,0.0545,0.441,1.07,"Celje"
"10/2/2014",13,0.357,0.0114,0.0923,0.0777,0.0296,0.558,0.745,"Celje"
"10/3/2014",19,0.495,0.0438,0.169,0.135,0.0459,1.22,1.23,"Celje"
"10/4/2014",24,0.344,0.0471,0.283,0.0817,0.0549,2.34,1.5,"Celje"
"10/5/2014",26,0.266,0.0407,0.31,0.0616,0.0526,3.21,0.687,"Celje"
"10/6/2014",37,0.857,0.0621,0.381,0.188,0.0906,3.89,0.809,"Celje"
"10/7/2014",41,1.19,0.0739,0.357,0.256,0.0756,3,1.12,"Celje"
"10/8/2014",19,0.267,0.115,0.219,0.0638,0.154,1.53,0.96,"Celje"
"10/9/2014",17,0.331,0.0653,0.18,0.0831,0.323,0.992,0.931,"Celje"
"10/10/2014",19,0.564,0.083,0.196,0.14,0.266,0.754,0.749,"Celje"
"10/11/2014",21,0.57,0.065,0.237,0.109,0.213,0.902,0.938,"Celje"
"10/12/2014",17,0.419,0.0607,0.207,0.101,0.193,0.962,0.741,"Celje"
"10/13/2014",25,1.03,0.0932,0.227,0.18,0.277,0.744,1.16,"Celje"
"10/14/2014",13,0.286,0.191,0.0975,0.0838,0.324,0.172,0.693,"Celje"
"10/15/2014",17,0.474,0.0964,0.162,0.099,0.191,0.379,1.38,"Celje"
"10/16/2014",24,0.609,0.41,0.182,0.129,0.192,1.08,1.49,"Celje"
"10/17/2014",19,0.42,0.0809,0.163,0.098,0.262,0.832,1.39,"Celje"
"10/18/2014",11,0.3,0.0572,0.0985,0.0551,0.0308,0.0954,0.416,"Celje"
"10/19/2014",12,0.292,0.0547,0.137,0.0642,0.0602,0.278,0.511,"Celje"
"10/20/2014",24,0.605,0.0738,0.173,0.11,0.0756,0.552,1.46,"Celje"
"10/21/2014",26,0.54,0.0997,0.201,0.114,0.135,1.63,4.21,"Celje"
"10/22/2014",8.2,0.178,0.0879,0.0906,0.0354,0.0519,0.202,0.281,"Celje"
"10/23/2014",9.3,0.121,0.0522,0.131,0.0188,0.0473,0.137,0.307,"Celje"
"10/24/2014",10,0.211,0.0482,0.0784,0.0464,0.0178,0.612,0.697,"Celje"
"10/25/2014",19,0.251,0.0812,0.222,0.0594,0.0286,1.7,2.05,"Celje"
"10/26/2014",24,0.15,0.11,0.296,0.0379,0.03,2.71,2.27,"Celje"
"10/27/2014",28,0.484,0.24,0.318,0.0941,0.0333,1.85,2.29,"Celje"
"10/28/2014",36,0.895,0.171,0.435,0.155,0.0864,1.67,3.51,"Celje"
"10/29/2014",42,0.977,0.219,0.548,0.173,0.0521,1.97,4.66,"Celje"
"10/30/2014",51,1.32,0.219,0.731,0.198,0.0693,1.84,6,"Celje"
"10/31/2014",49,0.846,0.269,0.671,0.179,0.0894,2.43,7.33,"Celje"
"11/1/2014",44,0.418,0.253,0.517,0.091,0.0622,2.89,8.13,"Celje"
"11/2/2014",40,0.437,0.243,0.679,0.0971,0.0369,1.46,2.21,"Celje"
"11/3/2014",49,0.693,0.429,0.789,0.14,0.0531,1.67,5.84,"Celje"
"11/18/2014",12,0.115,0.148,0.227,0.03,0.0318,0.275,0.996,"Celje"
"11/19/2014",22,0.389,0.207,0.447,0.0814,0.0377,0.873,1.96,"Celje"
"11/20/2014",21,0.184,0.241,0.481,0.0447,0.0663,1.23,1.73,"Celje"
"11/21/2014",30,0.519,0.29,0.633,0.125,0.059,1.34,4.7,"Celje"
"11/22/2014",45,0.494,0.455,0.791,0.114,0.0585,2.49,6.4,"Celje"
"11/23/2014",28,0.103,0.276,0.663,0.0276,0.0318,2.44,5.53,"Celje"
"11/24/2014",18,0.19,0.186,0.647,0.0409,0.0538,1.45,3.51,"Celje"
"11/25/2014",35,0.157,0.221,0.639,0.0293,0.0657,4.75,6.83,"Celje"
"11/26/2014",47,0.414,0.277,0.828,0.0735,0.0564,6.06,10.4,"Celje"
"11/27/2014",54,0.546,0.289,0.83,0.106,0.0505,6.62,13.1,"Celje"
"11/28/2014",61,0.244,0.648,1.15,0.048,0.0909,5.98,9.1,"Celje"
"11/29/2014",46,0.154,0.442,0.875,0.0545,0.0927,3.72,6.39,"Celje"
"11/30/2014",20,0.0869,0.267,0.587,0.0248,0.0871,1.14,1.91,"Celje"
"12/1/2014",14,0.112,0.193,0.408,0.0191,0.064,0.322,0.507,"Celje"
"12/2/2014",17,0.246,0.21,0.292,0.0365,0.076,0.596,1.15,"Celje"
"12/17/2014",32,0.174,0.426,0.591,0.0367,0.0685,1.45,3.64,"Celje"
"12/18/2014",26,0.137,0.339,0.412,0.0486,0.0364,1.19,2.21,"Celje"
"12/19/2014",37,0.412,0.266,0.606,0.107,0.0538,0.515,1.8,"Celje"
"12/20/2014",30,0.391,0.161,0.477,0.0882,0.0493,0.665,2.41,"Celje"
"12/21/2014",27,0.357,0.164,0.535,0.0814,0.0745,0.507,1.89,"Celje"
"12/22/2014",48,0.985,0.568,0.724,0.126,0.242,0.389,2.74,"Celje"
"12/23/2014",44,1.62,0.35,0.629,0.116,0.106,0.725,5.15,"Celje"
"12/24/2014",28,0.488,0.172,0.431,0.1,0.0917,1.62,5.42,"Celje"
"12/25/2014",22,0.165,0.15,0.405,0.0371,0.111,1.09,2.68,"Celje"
"12/26/2014",26,0.304,0.285,0.614,0.0652,0.114,0.44,1.55,"Celje"
"12/27/2014",39,0.237,0.513,0.867,0.086,0.0979,1.39,3.35,"Celje"
"12/28/2014",15,0.0995,0.105,0.222,0.0217,0.0519,0.709,0.885,"Celje"
"12/29/2014",34,0.181,1.01,0.837,0.0543,0.488,1.05,2.15,"Celje"
"12/30/2014",50,0.212,0.838,0.913,0.0508,0.47,1.76,4.36,"Celje"
"12/31/2014",44,0.13,0.615,1.25,0.0622,0.241,2.61,5.87,"Celje"
"1/1/2015",97,0.207,1.47,4.13,0.304,0.326,3.65,10.1,"Celje"
"1/2/2015",100,0.315,1.1,2.54,0.0993,0.28,4.91,13.1,"Celje"
"1/3/2015",61,0.087,0.715,1.44,0.0238,0.197,2.32,5.72,"Celje"
"1/4/2015",8.1,0.0239,0.161,0.169,0.017,0.148,0.241,0.341,"Celje"
"1/5/2015",23,0.205,0.655,0.537,0.0498,0.444,0.338,1.18,"Celje"
"1/6/2015",43,0.414,0.525,0.842,0.132,0.264,1.15,4.25,"Celje"
"1/7/2015",51,0.217,0.412,0.879,0.0422,0.122,2.11,5.88,"Celje"
"1/8/2015",65,0.415,0.98,1.32,0.0917,0.325,2.76,7.84,"Celje"
"1/9/2015",43,0.204,0.581,0.782,0.0547,0.285,1.99,5.66,"Celje"
"1/10/2015",62,0.153,0.589,1.16,0.0384,0.187,4.15,11.7,"Celje"
"1/11/2015",29,0.0657,0.305,0.626,0.0254,0.144,1.53,3.65,"Celje"
"1/12/2015",32,0.163,0.398,0.686,0.0307,0.138,1.79,5.12,"Celje"
"1/13/2015",24,0.251,0.764,0.414,0.104,0.776,0.803,3.45,"Celje"
"1/15/2015",41,0.305,0.824,0.864,0.0712,0.282,1.89,5.3,"Celje"
"1/16/2015",42,0.238,1.07,0.795,0.0921,0.714,2.07,6.45,"Celje"
